{"cameraMode":{"drawMode":0,"name":"Shaded","section":"Shading Mode"},"sceneLighting":true,"audioPlay":false,"sceneViewState":{"showFog":true,"showMaterialUpdate":false,"showSkybox":true,"showFlares":true,"showImageEffects":true,"showParticleSystems":true},"in2DMode":false,"pivot":{"x":0.353884220123291,"y":20.200000762939454,"z":-7.523471832275391},"rotation":{"x":-0.06835653632879257,"y":0.5130103826522827,"z":-0.04103025421500206,"w":-0.8546720743179321},"size":4.040379524230957,"orthographic":false}