{"cameraMode":{"drawMode":0,"name":"Shaded","section":"Shading Mode"},"sceneLighting":true,"audioPlay":false,"sceneViewState":{"showFog":true,"showMaterialUpdate":false,"showSkybox":true,"showFlares":true,"showImageEffects":true,"showParticleSystems":true},"in2DMode":false,"pivot":{"x":1.2749290466308594,"y":2.246417999267578,"z":-12.512969017028809},"rotation":{"x":-0.002218677196651697,"y":0.997756838798523,"z":-0.04373950883746147,"w":-0.050628844648599628},"size":25.792009353637697,"orthographic":false}