{"cameraMode":{"drawMode":0,"name":"Shaded","section":"Shading Mode"},"sceneLighting":false,"audioPlay":false,"sceneViewState":{"showFog":true,"showMaterialUpdate":false,"showSkybox":true,"showFlares":true,"showImageEffects":true,"showParticleSystems":true},"in2DMode":false,"pivot":{"x":-0.0021158456802368166,"y":20.459741592407228,"z":-7.407317161560059},"rotation":{"x":0.003627631114795804,"y":0.5004274845123291,"z":0.002097122138366103,"w":-0.8657683730125427},"size":65.93927001953125,"orthographic":false}