{"cameraMode":{"drawMode":0,"name":"Shaded","section":"Shading Mode"},"sceneLighting":false,"audioPlay":false,"sceneViewState":{"showFog":true,"showMaterialUpdate":false,"showSkybox":true,"showFlares":true,"showImageEffects":true,"showParticleSystems":true},"in2DMode":false,"pivot":{"x":0.12218542397022248,"y":-2.815706729888916,"z":-9.69544792175293},"rotation":{"x":-0.1487615704536438,"y":-0.6812969446182251,"z":0.14436574280261994,"w":-0.7020420432090759},"size":16.863191604614259,"orthographic":false}