{"cameraMode":{"drawMode":0,"name":"Shaded","section":"Shading Mode"},"sceneLighting":false,"audioPlay":false,"sceneViewState":{"showFog":true,"showMaterialUpdate":false,"showSkybox":true,"showFlares":true,"showImageEffects":true,"showParticleSystems":true},"in2DMode":false,"pivot":{"x":-4.0,"y":0.8399999141693115,"z":-3.119999885559082},"rotation":{"x":-0.09759185463190079,"y":0.8894144296646118,"z":-0.2250303030014038,"w":-0.38571906089782717},"size":2.8578836917877199,"orthographic":false}