{"cameraMode":{"drawMode":0,"name":"Shaded","section":"Shading Mode"},"sceneLighting":true,"audioPlay":false,"sceneViewState":{"showFog":true,"showMaterialUpdate":false,"showSkybox":true,"showFlares":true,"showImageEffects":true,"showParticleSystems":true},"in2DMode":false,"pivot":{"x":0.37863433361053469,"y":0.9544076323509216,"z":0.5},"rotation":{"x":0.001190141192637384,"y":0.026095490902662278,"z":0.00003225958062103018,"w":-0.9996588230133057},"size":59.30458450317383,"orthographic":false}