{"cameraMode":{"drawMode":0,"name":"Shaded","section":"Shading Mode"},"sceneLighting":false,"audioPlay":false,"sceneViewState":{"showFog":true,"showMaterialUpdate":false,"showSkybox":true,"showFlares":true,"showImageEffects":true,"showParticleSystems":true},"in2DMode":false,"pivot":{"x":-0.0021158456802368166,"y":20.459741592407228,"z":-7.407317161560059},"rotation":{"x":-0.2776079475879669,"y":0.5734031200408936,"z":-0.21505136787891389,"w":-0.7401996850967407},"size":16.613893508911134,"orthographic":false}