{"cameraMode":{"drawMode":0,"name":"Shaded","section":"Shading Mode"},"sceneLighting":true,"audioPlay":false,"sceneViewState":{"showFog":true,"showMaterialUpdate":false,"showSkybox":true,"showFlares":true,"showImageEffects":true,"showParticleSystems":true},"in2DMode":false,"pivot":{"x":16.044334411621095,"y":-4.770519256591797,"z":-9.0264310836792},"rotation":{"x":-0.11227098852396012,"y":-0.07237344980239868,"z":0.008200406096875668,"w":-0.9910045862197876},"size":65.65888977050781,"orthographic":false}